{
  "total_samples": 736,
  "correct": 154,
  "accuracy": 0.20923913043478262,
  "missing": 109,
  "missing_rate": 0.1480978260869565,
  "parse_failed": 63,
  "parse_failed_rate": 0.08559782608695653
}